objectid,status,zsid,zsname,nkoord,ekoord,adresse,suchen,name,poi_id,kategorie,label,geometry
1,aktiv,Z001,Seestrasse (Strandbad Wollishofen),2683012.9105,1243935.4615,,MIV Zählstelle Messstelle ZS,Z001,svzZ001,Zählstellen MIV,1,POINT (2683013 1243935.5)
2,aktiv,Z002,Albisstrasse (Widmerstrasse),2682483.7215,1243168.6565,,MIV Zählstelle Messstelle ZS,Z002,svzZ002,Zählstellen MIV,2,POINT (2682483.8 1243168.6)
3,aktiv,Z003,Sood-/Leimbachstrasse,2681590.3135,1242989.5405,,MIV Zählstelle Messstelle ZS,Z003,svzZ003,Zählstellen MIV,3,POINT (2681590.2 1242989.5)
4,aktiv,Z004,Birmensdorferstrasse (Triemli),2679760.5343,1246846.2143,,MIV Zählstelle Messstelle ZS,Z004,svzZ004,Zählstellen MIV,4,POINT (2679760.5 1246846.2)
5,aktiv,Z005,Albisriederstrasse (Lyrenweg),2678858.3355,1247581.5720,,MIV Zählstelle Messstelle ZS,Z005,svzZ005,Zählstellen MIV,5,POINT (2678858.2 1247581.6)
7,aktiv,Z007,Bernerstrasse (Hermetschloobrücke),2678113.3440,1250232.1593,,MIV Zählstelle Messstelle ZS,Z007,svzZ007,Zählstellen MIV,7,POINT (2678113.2 1250232.1)
8,aktiv,Z008,Limmattalstrasse (Frankentalerstrasse),2678621.1780,1251004.8265,,MIV Zählstelle Messstelle ZS,Z008,svzZ008,Zählstellen MIV,8,POINT (2678621.2 1251004.9)
9,aktiv,Z009,Regensdorferstrasse (Frankentalerstrasse),2678846.3925,1252107.7535,,MIV Zählstelle Messstelle ZS,Z009,svzZ009,Zählstellen MIV,9,POINT (2678846.5 1252107.8)
10,aktiv,Z010,Wehntalerstrasse (Zehntenhausplatz),2680443.2177,1252650.7160,,MIV Zählstelle Messstelle ZS,Z010,svzZ010,Zählstellen MIV,10,POINT (2680443.2 1252650.8)
11,aktiv,Z011,Glattalstrasse (Kolbenackerstrasse),2683633.0435,1253425.9900,,MIV Zählstelle Messstelle ZS,Z011,svzZ011,Zählstellen MIV,11,POINT (2683633 1253426)
12,aktiv,Z012,Schaffhauserstrasse (Glatttalstrasse),2683926.9667,1253017.2577,,MIV Zählstelle Messstelle ZS,Z012,svzZ012,Zählstellen MIV,12,POINT (2683927 1253017.2)
13,aktiv,Z013,Thurgauerstrasse (Schärenmoosstrasse),2684310.1763,1252709.2045,,MIV Zählstelle Messstelle ZS,Z013,svzZ013,Zählstellen MIV,13,POINT (2684310.2 1252709.2)
14,aktiv,Z014,Weststrasse (Ueberlandstrasse),2686137.3820,1251553.4017,,MIV Zählstelle Messstelle ZS,Z014,svzZ014,Zählstellen MIV,14,POINT (2686137.5 1251553.4)
15,aktiv,Z015,Neue Winterthurerstrasse (Ueberlandstrasse),2687010.7048,1251255.3760,,MIV Zählstelle Messstelle ZS,Z015,svzZ015,Zählstellen MIV,15,POINT (2687010.8 1251255.4)
16,aktiv,Z016,Ueberlandstrasse (Neue Winterthurerstrasse),2687011.8817,1251179.1038,,MIV Zählstelle Messstelle ZS,Z016,svzZ016,Zählstellen MIV,16,POINT (2687012 1251179.1)
17,aktiv,Z017,Dübendorfstrasse (Altwiesenstrasse),2687076.8965,1250344.7870,,MIV Zählstelle Messstelle ZS,Z017,svzZ017,Zählstellen MIV,17,POINT (2687077 1250344.8)
18,aktiv,Z018,Tobelhof-/Dreiwiesenstrasse,2685831.3863,1248146.7033,,MIV Zählstelle Messstelle ZS,Z018,svzZ018,Zählstellen MIV,18,POINT (2685831.5 1248146.8)
19,aktiv,Z019,Witikonerstrasse (Katzenschwanzstrasse),2687631.6965,1246203.9765,,MIV Zählstelle Messstelle ZS,Z019,svzZ019,Zählstellen MIV,19,POINT (2687631.8 1246204)
20,aktiv,Z020,Forchstrasse (Witellikerstrasse),2685939.0897,1245371.8727,,MIV Zählstelle Messstelle ZS,Z020,svzZ020,Zählstellen MIV,20,POINT (2685939 1245371.9)
21,aktiv,Z021,Bellerivestrasse (Bahnhof Tiefenbrunnen),2684884.0970,1244829.8728,,MIV Zählstelle Messstelle ZS,Z021,svzZ021,Zählstellen MIV,21,POINT (2684884 1244829.9)
22,aktiv,Z022,Allmendstrasse (Brunau),2681716.8333,1244587.5280,,MIV Zählstelle Messstelle ZS,Z022,svzZ022,Zählstellen MIV,22,POINT (2681716.8 1244587.5)
23,aktiv,Z024,Autobahn A1 (Auschluss Schwamendingen),2685364.9735,1251647.7845,,MIV Zählstelle Messstelle ZS,Z024,svzZ024,Zählstellen MIV,24,POINT (2685365 1251647.8)
24,aktiv,Z025,Europabrücke (Winzerstrasse),2679758.9953,1250377.2483,,MIV Zählstelle Messstelle ZS,Z025,svzZ025,Zählstellen MIV,25,POINT (2679759 1250377.2)
25,aktiv,Z026,Rosengartenstrasse (Röschibachstrasse),2681974.0133,1249688.0540,,MIV Zählstelle Messstelle ZS,Z026,svzZ026,Zählstellen MIV,26,POINT (2681974 1249688)
26,aktiv,Z027,Wipkingerbrücke,2681902.8955,1249551.3205,,MIV Zählstelle Messstelle ZS,Z027,svzZ027,Zählstellen MIV,27,POINT (2681903 1249551.4)
27,aktiv,Z028,Kornhausbrücke,2682763.6003,1249026.1918,,MIV Zählstelle Messstelle ZS,Z028,svzZ028,Zählstellen MIV,28,POINT (2682763.5 1249026.2)
28,aktiv,Z029,Walchebrücke,2683322.8843,1248117.2598,,MIV Zählstelle Messstelle ZS,Z029,svzZ029,Zählstellen MIV,29,POINT (2683323 1248117.2)
29,aktiv,Z030,Rudolf Brun-Brücke,2683365.7517,1247646.4250,,MIV Zählstelle Messstelle ZS,Z030,svzZ030,Zählstellen MIV,30,POINT (2683365.8 1247646.4)
30,aktiv,Z031,Quaibrücke,2683381.7128,1246799.8615,,MIV Zählstelle Messstelle ZS,Z031,svzZ031,Zählstellen MIV,31,POINT (2683381.8 1246799.9)
31,aktiv,Z032,Binzmühlestrasse (Thurgauerstrasse),2683908.2240,1252076.1287,,MIV Zählstelle Messstelle ZS,Z032,svzZ032,Zählstellen MIV,32,POINT (2683908.2 1252076.1)
32,aktiv,Z033,Milchbucktunnel (Südportal),2682923.3400,1248864.4814,,MIV Zählstelle Messstelle ZS,Z033,svzZ033,Zählstellen MIV,33,POINT (2682923.2 1248864.5)
33,aktiv,Z034,Emil Klöti-Strasse (Gsteigstrasse),2680455.5848,1251085.1288,,MIV Zählstelle Messstelle ZS,Z034,svzZ034,Zählstellen MIV,34,POINT (2680455.5 1251085.1)
34,aktiv,Z035,Gutstrasse (Burstwiesenstrasse),2680548.7540,1247401.2620,,MIV Zählstelle Messstelle ZS,Z035,svzZ035,Zählstellen MIV,35,POINT (2680548.8 1247401.2)
35,aktiv,Z036,Schweighofstrasse (Hägelerweg),2680274.2680,1246924.4535,,MIV Zählstelle Messstelle ZS,Z036,svzZ036,Zählstellen MIV,36,POINT (2680274.2 1246924.5)
36,aktiv,Z037,Bergstrasse (Schneckenmannstrasse),2684725.3475,1247755.9585,,MIV Zählstelle Messstelle ZS,Z037,svzZ037,Zählstellen MIV,37,POINT (2684725.2 1247756)
37,aktiv,Z038,Rosengartenstrasse (Nordstrasse),2682069.4625,1249911.5085,,MIV Zählstelle Messstelle ZS,Z038,svzZ038,Zählstellen MIV,38,POINT (2682069.5 1249911.5)
38,aktiv,Z039,Hardbrücke (SBB PJZ),2681293.5145,1248607.6820,,MIV Zählstelle Messstelle ZS,Z039,svzZ039,Zählstellen MIV,39,POINT (2681293.5 1248607.6)
39,aktiv,Z040,Seebahnstrasse (Kalkbreitestrasse),2681641.1187,1247552.6797,,MIV Zählstelle Messstelle ZS,Z040,svzZ040,Zählstellen MIV,40,POINT (2681641 1247552.6)
40,aktiv,Z041,Gessnerallee (Usteribrücke),2682856.3607,1247806.0663,,MIV Zählstelle Messstelle ZS,Z041,svzZ041,Zählstellen MIV,41,POINT (2682856.2 1247806.1)
41,aktiv,Z042,Limmatquai (Rudolf-Brun-Brücke),2683408.0120,1247676.0170,,MIV Zählstelle Messstelle ZS,Z042,svzZ042,Zählstellen MIV,42,POINT (2683408 1247676)
42,aktiv,Z043,Seilergraben (Mühlegasse),2683654.6273,1247630.3577,,MIV Zählstelle Messstelle ZS,Z043,svzZ043,Zählstellen MIV,43,POINT (2683654.8 1247630.4)
43,aktiv,Z044,Uraniastrasse (Bahnhofstrasse),2683083.6202,1247658.0983,,MIV Zählstelle Messstelle ZS,Z044,svzZ044,Zählstellen MIV,44,POINT (2683083.5 1247658.1)
44,aktiv,Z045,Talstrasse (Pelikanstrasse),2682837.2187,1247226.9680,,MIV Zählstelle Messstelle ZS,Z045,svzZ045,Zählstellen MIV,45,POINT (2682837.2 1247227)
45,aktiv,Z046,Zeltweg (Merkurstrasse),2684198.8175,1246829.5210,,MIV Zählstelle Messstelle ZS,Z046,svzZ046,Zählstellen MIV,46,POINT (2684198.8 1246829.5)
46,aktiv,Z047,Hottingerstrasse (Freiestrasse),2684387.4495,1247085.7140,,MIV Zählstelle Messstelle ZS,Z047,svzZ047,Zählstellen MIV,47,POINT (2684387.5 1247085.8)
47,aktiv,Z048,Rämistrasse (Stadelhoferstrasse),2683655.8530,1246932.3210,,MIV Zählstelle Messstelle ZS,Z048,svzZ048,Zählstellen MIV,48,POINT (2683655.8 1246932.4)
48,aktiv,Z049,Bahnhofbrücke,2683360.9880,1247932.4100,,MIV Zählstelle Messstelle ZS,Z049,svzZ049,Zählstellen MIV,49,POINT (2683361 1247932.4)
49,aktiv,Z050,Europabrücke (Max Högger- und Würzgrabenstrasse),2679593.7020,1249675.9315,,MIV Zählstelle Messstelle ZS,Z050,svzZ050,Zählstellen MIV,50,POINT (2679593.8 1249675.9)
50,aktiv,Z051,Seebacherstrasse (Binzmühlestrasse),2681643.9980,1252102.1940,,MIV Zählstelle Messstelle ZS,Z051,svzZ051,Zählstellen MIV,51,POINT (2681644 1252102.2)
51,aktiv,Z052,Hirschwiesentunnel,2682968.6905,1250309.0915,,MIV Zählstelle Messstelle ZS,Z052,svzZ052,Zählstellen MIV,52,POINT (2682968.8 1250309.1)
52,aktiv,Z053,Birchstrasse (Eichraintunnel),2683584.5538,1253563.4028,,MIV Zählstelle Messstelle ZS,Z053,svzZ053,Zählstellen MIV,53,POINT (2683584.5 1253563.4)
53,aktiv,Z054,Rämistrasse (Kantonsschul- und Zürichbergstrasse),2683966.9250,1247470.9035,,MIV Zählstelle Messstelle ZS,Z054,svzZ054,Zählstellen MIV,54,POINT (2683967 1247470.9)
54,aktiv,Z055,Höschgasse (Zollikerstrasse),2684541.2417,1245998.7190,,MIV Zählstelle Messstelle ZS,Z055,svzZ055,Zählstellen MIV,55,POINT (2684541.2 1245998.8)
55,aktiv,Z056,Zollikerstrasse (Höschgasse),2684574.7420,1245964.1450,,MIV Zählstelle Messstelle ZS,Z056,svzZ056,Zählstellen MIV,56,POINT (2684574.8 1245964.1)
56,aktiv,Z057,Stockerstrasse (Dreikönigstrasse),2682802.2510,1246847.6365,,MIV Zählstelle Messstelle ZS,Z057,svzZ057,Zählstellen MIV,57,POINT (2682802.2 1246847.6)
57,aktiv,Z058,Stampfenbachstrasse (Wasserwerkstrasse),2683333.3055,1248412.5140,,MIV Zählstelle Messstelle ZS,Z058,svzZ058,Zählstellen MIV,58,POINT (2683333.2 1248412.5)
58,aktiv,Z059,Neumühlequai (Sanität),2683210.1370,1248480.7730,,MIV Zählstelle Messstelle ZS,Z059,svzZ059,Zählstellen MIV,59,POINT (2683210.2 1248480.8)
59,aktiv,Z060,Hermetschloobrücke,2678199.8167,1250178.7987,,MIV Zählstelle Messstelle ZS,Z060,svzZ060,Zählstellen MIV,60,POINT (2678199.8 1250178.8)
60,aktiv,Z061,Duttweiler Brücke,2681023.8504,1249295.8738,,MIV Zählstelle Messstelle ZS,Z061,svzZ061,Zählstellen MIV,61,POINT (2681023.8 1249295.9)
61,aktiv,Z062,Brunaustrasse (Rieterstrasse),2682146.3045,1245399.9395,,MIV Zählstelle Messstelle ZS,Z062,svzZ062,Zählstellen MIV,62,POINT (2682146.2 1245400)
62,aktiv,Z063,Albisriederstrasse (Hubertus),2680115.9145,1247937.5420,,MIV Zählstelle Messstelle ZS,Z063,svzZ063,Zählstellen MIV,63,POINT (2680116 1247937.5)
63,aktiv,Z064,Gutstrasse (Hubertus),2680150.0765,1247836.9025,,MIV Zählstelle Messstelle ZS,Z064,svzZ064,Zählstellen MIV,64,POINT (2680150 1247836.9)
64,aktiv,Z065,Hardturmstrasse (Fischerweg),2681562.2390,1249544.7333,,MIV Zählstelle Messstelle ZS,Z065,svzZ065,Zählstellen MIV,65,POINT (2681562.2 1249544.8)
65,aktiv,Z066,Stauffacherstrasse (Feldstrasse),2681829.3110,1247988.3617,,MIV Zählstelle Messstelle ZS,Z066,svzZ066,Zählstellen MIV,66,POINT (2681829.2 1247988.4)
66,aktiv,Z067,Manessestrasse (Stauffacherquai),2682226.1852,1247059.9924,,MIV Zählstelle Messstelle ZS,Z067,svzZ067,Zählstellen MIV,67,POINT (2682226.2 1247060)
67,aktiv,Z068,Schimmelstrasse (Werdstrasse),2682099.5875,1247106.2790,,MIV Zählstelle Messstelle ZS,Z068,svzZ068,Zählstellen MIV,68,POINT (2682099.5 1247106.2)
68,aktiv,Z069,Seebahnstrasse (Stauffacherstrasse),2681625.3530,1248096.2995,,MIV Zählstelle Messstelle ZS,Z069,svzZ069,Zählstellen MIV,69,POINT (2681625.2 1248096.2)
69,aktiv,Z070,Hohlstrasse (Erismannstrasse),2681629.2430,1248302.1087,,MIV Zählstelle Messstelle ZS,Z070,svzZ070,Zählstellen MIV,70,POINT (2681629.2 1248302.1)
70,aktiv,Z071,Badenerstrasse (Zypressenstrasse),2681182.6880,1247891.5900,,MIV Zählstelle Messstelle ZS,Z071,svzZ071,Zählstellen MIV,71,POINT (2681182.8 1247891.6)
71,aktiv,Z072,Manessestrasse (Weststrasse),2682062.0954,1247029.7992,,MIV Zählstelle Messstelle ZS,Z072,svzZ072,Zählstellen MIV,72,POINT (2682062 1247029.8)
72,aktiv,Z073,Stauffacherbrücke,2682494.5785,1247272.6000,,MIV Zählstelle Messstelle ZS,Z073,svzZ073,Zählstellen MIV,73,POINT (2682494.5 1247272.6)
73,aktiv,Z074,Stauffacherquai (Stauffacherbrücke),2682467.7390,1247307.2740,,MIV Zählstelle Messstelle ZS,Z074,svzZ074,Zählstellen MIV,74,POINT (2682467.8 1247307.2)
74,aktiv,Z075,Stauffacherstrasse (Stauffacherbrücke),2682457.4400,1247295.6015,,MIV Zählstelle Messstelle ZS,Z075,svzZ075,Zählstellen MIV,75,POINT (2682457.5 1247295.6)
75,aktiv,Z076,Pfingstweidstrasse (Sportweg),2680461.8073,1249553.6493,,MIV Zählstelle Messstelle ZS,Z076,svzZ076,Zählstellen MIV,76,POINT (2680461.8 1249553.6)
76,aktiv,Z077,Sihlhölzlibrücke (Ulmbergtunnel),2682306.0433,1247023.4170,,MIV Zählstelle Messstelle ZS,Z077,svzZ077,Zählstellen MIV,77,POINT (2682306 1247023.4)
77,aktiv,Z078,Birmensdorferstrasse (Wasserschöpfi),2680599.0640,1247048.8685,,MIV Zählstelle Messstelle ZS,Z078,svzZ078,Zählstellen MIV,78,POINT (2680599 1247048.9)
78,aktiv,Z079,A3W (A4 Uetlibergtunnel Brunau),2681724.8090,1244581.4978,,MIV Zählstelle Messstelle ZS,Z079,svzZ079,Zählstellen MIV,79,POINT (2681724.8 1244581.5)
79,aktiv,Z080,A3W (Chur Brunau),2681724.3578,1244581.4452,,MIV Zählstelle Messstelle ZS,Z080,svzZ080,Zählstellen MIV,80,POINT (2681724.2 1244581.5)
80,aktiv,Z081,Pfingstweidstrasse (Welti Furrer Ausfahrt),2681475.2488,1249121.5855,,MIV Zählstelle Messstelle ZS,Z081,svzZ081,Zählstellen MIV,81,POINT (2681475.2 1249121.6)
81,aktiv,Z082,Hardbrücke (Hardstrasse),2681296.4675,1248605.8080,,MIV Zählstelle Messstelle ZS,Z082,svzZ082,Zählstellen MIV,82,POINT (2681296.5 1248605.8)
82,aktiv,Z083,Hardbrücke Rampen (Hohlstrasse),2681308.5085,1248617.8260,,MIV Zählstelle Messstelle ZS,Z083,svzZ083,Zählstellen MIV,83,POINT (2681308.5 1248617.9)
83,aktiv,Z084,Angererstrasse Tunnelstrasse (Ulmbergtunnel),2682562.9725,1246766.0690,,MIV Zählstelle Messstelle ZS,Z084,svzZ084,Zählstellen MIV,84,POINT (2682563 1246766.1)
84,aktiv,Z085,Alfred-Escher-Strasse (Ulmbergtunnel),2682562.1685,1246765.6698,,MIV Zählstelle Messstelle ZS,Z085,svzZ085,Zählstellen MIV,85,POINT (2682562.2 1246765.6)
85,aktiv,Z086,Binzmuehlestrasse (Seebacherstrasse),2681649.7340,1252088.0250,,MIV Zählstelle Messstelle ZS,Z086,svzZ086,Zählstellen MIV,86,POINT (2681649.8 1252088)
86,aktiv,Z087,Wehntalerstrasse (Nordheimstrasse),2682661.6195,1250961.2280,,MIV Zählstelle Messstelle ZS,Z087,svzZ087,Zählstellen MIV,87,POINT (2682661.5 1250961.2)
87,aktiv,Z088,Regensbergstrasse (Birchstrasse),2682931.0917,1251555.7767,,MIV Zählstelle Messstelle ZS,Z088,svzZ088,Zählstellen MIV,88,POINT (2682931 1251555.8)
88,aktiv,Z089,Wallisellenstrasse (Saatlenstrasse),2684867.7650,1251727.5255,,MIV Zählstelle Messstelle ZS,Z089,svzZ089,Zählstellen MIV,89,POINT (2684867.8 1251727.5)
89,aktiv,Z090,Winterthurerstrasse (Luchswiesenstrasse),2686474.2175,1251271.9580,,MIV Zählstelle Messstelle ZS,Z090,svzZ090,Zählstellen MIV,90,POINT (2686474.2 1251272)
90,aktiv,Z091,Dreikönigstrasse (Genferstrasse),2682717.2260,1246716.3140,,MIV Zählstelle Messstelle ZS,Z091,svzZ091,Zählstellen MIV,91,POINT (2682717.2 1246716.4)
91,aktiv,Z092,Am Wasser (Hardeggstrasse),2680352.3290,1250145.9405,,MIV Zählstelle Messstelle ZS,Z092,svzZ092,Zählstellen MIV,92,POINT (2680352.2 1250146)
92,aktiv,Z093,Hardturmstrasse (Bernoullihäuser),2680781.3590,1249765.9075,,MIV Zählstelle Messstelle ZS,Z093,svzZ093,Zählstellen MIV,93,POINT (2680781.2 1249765.9)
93,aktiv,Z095,Schwamendingerstrasse (Dörflistrasse),2683962.2220,1251253.1700,,MIV Zählstelle Messstelle ZS,Z095,svzZ095,Zählstellen MIV,95,POINT (2683962.2 1251253.1)
94,aktiv,Z096,Katzenschwanzstrasse (Witikonerstrasse),2687488.1195,1246165.6865,,MIV Zählstelle Messstelle ZS,Z096,svzZ096,Zählstellen MIV,96,POINT (2687488 1246165.6)
95,aktiv,Z097,Hofwiesenstrasse (Brunnenhofweg),2682713.4960,1250618.9480,,MIV Zählstelle Messstelle ZS,Z097,svzZ097,Zählstellen MIV,97,POINT (2682713.5 1250619)
96,aktiv,Z098,Letzigraben (Hubertus),2680057.3683,1247975.3720,,MIV Zählstelle Messstelle ZS,Z098,svzZ098,Zählstellen MIV,98,POINT (2680057.2 1247975.4)
97,aktiv,Z099,Albisriederstrasse (Freilagerstrasse),2679608.8175,1247988.8705,,MIV Zählstelle Messstelle ZS,Z099,svzZ099,Zählstellen MIV,99,POINT (2679608.8 1247988.9)
98,aktiv,Z100,Rautistrasse (Luggwegstrasse),2679268.8480,1248460.9390,,MIV Zählstelle Messstelle ZS,Z100,svzZ100,Zählstellen MIV,100,POINT (2679268.8 1248461)
99,aktiv,Z101,Altstetterstrasse (Algirstrasse),2678926.4295,1248496.1885,,MIV Zählstelle Messstelle ZS,Z101,svzZ101,Zählstellen MIV,101,POINT (2678926.5 1248496.2)
100,aktiv,Z102,Badenerstrasse (Farbhof),2678417.0040,1249544.3860,,MIV Zählstelle Messstelle ZS,Z102,svzZ102,Zählstellen MIV,102,POINT (2678417 1249544.4)
101,aktiv,Z103,Hohlstrasse (Farbhof),2678763.6710,1249528.6355,,MIV Zählstelle Messstelle ZS,Z103,svzZ103,Zählstellen MIV,103,POINT (2678763.8 1249528.6)
102,aktiv,Z104,Bändliweg (Bändlistrasse),2679021.3580,1249980.1635,,MIV Zählstelle Messstelle ZS,Z104,svzZ104,Zählstellen MIV,104,POINT (2679021.2 1249980.1)
103,aktiv,Z105,Lenggstrasse (Lengghalde),2685784.8890,1245474.1470,,MIV Zählstelle Messstelle ZS,Z105,svzZ105,Zählstellen MIV,105,POINT (2685785 1245474.1)
104,aktiv,Z106,Zürichbergstrasse (Dreiwiesenstrasse),2685565.0645,1248494.3175,,MIV Zählstelle Messstelle ZS,Z106,svzZ106,Zählstellen MIV,106,POINT (2685565 1248494.4)
105,aktiv,Z107,Dreiwiesenstrasse (Tobelhofstrasse),2685813.1730,1248156.3515,,MIV Zählstelle Messstelle ZS,Z107,svzZ107,Zählstellen MIV,107,POINT (2685813.2 1248156.4)
106,aktiv,Z108,Tobelhofstrasse (Dreiwiesenstrasse),2685847.7260,1248156.8170,,MIV Zählstelle Messstelle ZS,Z108,svzZ108,Zählstellen MIV,108,POINT (2685847.8 1248156.9)
107,aktiv,Z109,Manessestrasse - Schimmelstrasse,2682108.6480,1247086.6823,,MIV Zählstelle Messstelle ZS,Z109,svzZ109,Zählstellen MIV,109,POINT (2682108.8 1247086.6)
108,aktiv,Z110,Autobahn A1L - Ausfahrt Aubrugg,2685376.0410,1251634.0450,,MIV Zählstelle Messstelle ZS,Z110,svzZ110,Zählstellen MIV,110,POINT (2685376 1251634)
109,aktiv,Z111,Hagenholzstrasse (Riedgrabenweg),2684543.0585,1252127.8060,,MIV Zählstelle Messstelle ZS,Z111,svzZ111,Zählstellen MIV,111,POINT (2684543 1252127.8)
110,aktiv,Z112,Schauenbergstrasse (Lerchenhalde),2680590.1610,1252281.4255,,MIV Zählstelle Messstelle ZS,Z112,svzZ112,Zählstellen MIV,112,POINT (2680590.2 1252281.4)
111,aktiv,Z113,Max-Högger-Strasse (Europabrücke),2679569.7580,1249698.9640,,MIV Zählstelle Messstelle ZS,Z113,svzZ113,Zählstellen MIV,113,POINT (2679569.8 1249699)
112,aktiv,Z114,Würzgrabenstrasse (Europabrücke),2679630.1095,1249694.2035,,MIV Zählstelle Messstelle ZS,Z114,svzZ114,Zählstellen MIV,114,POINT (2679630 1249694.2)
113,aktiv,Z118,Dörflistrasse (Berninaplatz),2683775.2975,1250913.5920,,MIV Zählstelle Messstelle ZS,Z118,svzZ118,Zählstellen MIV,118,POINT (2683775.2 1250913.6)
114,vergangen,Z023,Autobahn A1 (Anschluss Altstetten),2678403.3900,1250175.4600,,MIV Zählstelle Messstelle ZS,Z023,svzZ023,Zählstellen MIV,23,POINT (2678403.5 1250175.5)
